<?xml version="1.0" encoding="UTF-8" ?>
<!DOCTYPE mapper
  PUBLIC "-//mybatis.org//DTD Mapper 3.0//EN"
  "http://mybatis.org/dtd/mybatis-3-mapper.dtd">
<mapper namespace="ssafy.photo">
	<insert id="insert" parameterType="PhotoDTO">
		insert into photo(pplace,purl,pname,psource)
		values(
			#{pplace},
			#{purl},
			#{pname},
			#{psource}
		)
	</insert>
	<delete id="delete" parameterType="int">
		delete from photo where pcode = #{pcode}
	</delete>
	<update id="update" parameterType="PhotoDTO">
		update photo set pplace=#{pplace},
						purl=#{purl},
						pname=#{pname},
						psource=#{psource}
		where pcode=#{pcode}
	</update>
	<select id="selectList" resultType="PhotoDTO">
		select pcode, pplace, purl, pname, psource, ifnull(cnt,0) favorite_cnt
		from photo p left join (
			select * ,count(*) cnt
			from favorite
			group by fcode
		) s1 on p.pcode=s1.fcode
		order by pcode desc;
		
	</select>
	<select id="selectListFavorite" resultType="PhotoDTO">
		select pcode, pplace, purl, pname, psource, ifnull(cnt,0) favorite_cnt
		from photo p left join (
			select * ,count(*) cnt
			from favorite
			group by fcode
		) s1 on p.pcode=s1.fcode
		order by cnt desc;
	</select>

	<select id="selectOne" parameterType="PhotoDTO" resultType="PhotoDTO">
		select * from photo where pcode=#{pcode}
	</select>
</mapper>