<?xml version="1.0" encoding="UTF-8" ?>
<!DOCTYPE mapper
  PUBLIC "-//mybatis.org//DTD Mapper 3.0//EN"
  "http://mybatis.org/dtd/mybatis-3-mapper.dtd">
<mapper namespace="ssafy.member">
	<insert id="insert" parameterType="MemberDTO">
		insert into mem_p1 values(
			#{id},
			#{pw},
			#{name},
			#{email},
			#{phone}
		)
	</insert>
	<delete id="delete" parameterType="string">
		delete from mem_p1 where id = #{id}
	</delete>
	<update id="update" parameterType="MemberDTO">
		update mem_p1 set pw=#{pw},
						name=#{name},
						email=#{email},
						phone=#{phone}
		where id=#{id}
	</update>
	<select id="selectList" resultType="MemberDTO">
		select * from mem_p1
	</select>
	<select id="selectOne_id" parameterType="MemberDTO" resultType="MemberDTO">
		select * from mem_p1 where id=#{id}
	</select>
	<select id="selectOne_id_pw" parameterType="MemberDTO" resultType="int">
		select count(*) from mem_p1 where id=#{id} and pw=#{pw}
	</select>
</mapper>